epoch,train_loss,train_acc,val_loss,val_acc,loss_diff,acc_diff,learning_rate,val_miou,vram_peak_gb,epoch_sec
1,0.822364,0.629437,0.473837,0.850694,-0.348527,-0.221257,0.00120000,0.580904,27.224,399.1
2,0.628595,0.787998,0.436627,0.860032,-0.191968,-0.072033,0.00210000,0.591954,25.373,391.5
3,0.552576,0.828579,0.422501,0.864497,-0.130075,-0.035918,0.00300000,0.624013,27.680,398.5
4,0.517767,0.842181,0.321700,0.914294,-0.196067,-0.072113,0.00299996,0.690675,27.200,399.0
5,0.442155,0.883025,0.315514,0.904014,-0.126640,-0.020989,0.00299985,0.688788,27.559,392.3
6,0.395643,0.898457,0.298500,0.924564,-0.097143,-0.026108,0.00299965,0.714871,24.620,393.7
7,0.402626,0.896390,0.319043,0.913497,-0.083583,-0.017107,0.00299938,0.705419,29.381,395.3
8,0.359838,0.914906,0.288754,0.926403,-0.071084,-0.011498,0.00299904,0.733983,27.176,395.9
9,0.355014,0.915772,0.284209,0.923353,-0.070805,-0.007581,0.00299861,0.734959,27.273,395.2
10,0.339956,0.923943,0.286206,0.938214,-0.053750,-0.014271,0.00299811,0.729706,28.524,395.1
11,0.359406,0.913353,0.249763,0.949742,-0.109643,-0.036389,0.00299753,0.774847,29.045,387.4
12,0.320909,0.927766,0.266636,0.941691,-0.054273,-0.013925,0.00299688,0.772067,24.451,393.3
13,0.282391,0.940172,0.249924,0.949065,-0.032467,-0.008892,0.00299615,0.788792,25.718,395.1
14,0.302040,0.933377,0.238263,0.948212,-0.063777,-0.014835,0.00299534,0.770343,28.154,394.5
15,0.279595,0.942327,0.249475,0.943671,-0.030120,-0.001344,0.00299445,0.784454,26.692,392.8
16,0.273452,0.943860,0.229363,0.941275,-0.044089,0.002585,0.00299349,0.795847,26.970,393.2
17,0.248458,0.950575,0.214368,0.957396,-0.034089,-0.006820,0.00299245,0.819508,25.768,398.1
18,0.252117,0.949049,0.221613,0.950064,-0.030504,-0.001015,0.00299134,0.807501,26.533,397.6
19,0.252613,0.948576,0.225988,0.937170,-0.026625,0.011406,0.00299014,0.787630,25.785,394.5
20,0.281010,0.940782,0.218397,0.958201,-0.062613,-0.017419,0.00298887,0.805204,26.628,395.5
21,0.241389,0.953495,0.202642,0.963144,-0.038747,-0.009649,0.00298753,0.815252,27.899,394.3
22,0.218124,0.956571,0.195539,0.956929,-0.022585,-0.000359,0.00298611,0.819790,26.199,397.0
23,0.221488,0.958543,0.217069,0.958075,-0.004418,0.000468,0.00298461,0.829658,27.457,392.2
24,0.218844,0.956020,0.212594,0.957998,-0.006249,-0.001978,0.00298304,0.814175,25.818,393.2
25,0.220076,0.956527,0.202975,0.955776,-0.017101,0.000751,0.00298139,0.817315,26.035,389.7
26,0.206292,0.959581,0.191347,0.965877,-0.014945,-0.006296,0.00297966,0.839268,28.011,393.6
27,0.203641,0.961426,0.214092,0.954510,0.010452,0.006916,0.00297786,0.806297,29.708,399.4
28,0.206755,0.960107,0.212032,0.954457,0.005277,0.005650,0.00297598,0.817347,27.577,393.6
29,0.221934,0.954471,0.194267,0.963590,-0.027666,-0.009119,0.00297403,0.835229,28.087,398.2
30,0.215479,0.958049,0.179573,0.965067,-0.035905,-0.007018,0.00297200,0.849578,34.070,394.2
31,0.212029,0.957851,0.180853,0.963409,-0.031176,-0.005558,0.00296990,0.838755,27.097,389.3
32,0.186321,0.964148,0.174999,0.966170,-0.011322,-0.002022,0.00296772,0.843255,27.565,395.9
33,0.170113,0.967945,0.173943,0.967654,0.003830,0.000291,0.00296546,0.863270,28.087,398.4
34,0.184654,0.964924,0.176922,0.964610,-0.007732,0.000314,0.00296313,0.842685,25.123,396.1
35,0.185370,0.965049,0.183186,0.961987,-0.002184,0.003062,0.00296073,0.858567,26.924,388.1
36,0.181635,0.965180,0.201312,0.961397,0.019678,0.003783,0.00295825,0.842443,25.425,387.6
37,0.185182,0.965187,0.168084,0.968090,-0.017098,-0.002903,0.00295570,0.868958,26.157,392.8
38,0.173232,0.969300,0.205790,0.962581,0.032557,0.006719,0.00295307,0.832268,27.601,394.6
39,0.187184,0.963668,0.189449,0.962236,0.002265,0.001433,0.00295037,0.851615,25.114,392.9
40,0.168845,0.968237,0.173457,0.967850,0.004612,0.000386,0.00294759,0.861922,26.954,399.0
41,0.169827,0.967939,0.162587,0.971478,-0.007240,-0.003539,0.00294474,0.876138,26.176,391.0
42,0.153936,0.969981,0.167859,0.969110,0.013923,0.000871,0.00294182,0.869219,25.991,392.2
43,0.167465,0.969415,0.166482,0.968804,-0.000983,0.000611,0.00293882,0.847919,25.817,394.7
44,0.160594,0.970765,0.157391,0.970824,-0.003203,-0.000059,0.00293575,0.869454,31.135,397.0
45,0.152035,0.972028,0.206929,0.965152,0.054895,0.006877,0.00293261,0.829339,26.453,395.6
46,0.188824,0.966390,0.217683,0.961135,0.028859,0.005255,0.00292939,0.833404,27.521,392.0
47,0.163434,0.970156,0.169984,0.971155,0.006550,-0.000999,0.00292610,0.869788,26.745,390.4
48,0.157020,0.971107,0.181309,0.967361,0.024288,0.003746,0.00292274,0.856944,25.183,395.0
49,0.151039,0.970657,0.168711,0.974102,0.017673,-0.003445,0.00291931,0.872039,25.172,398.4
50,0.143564,0.972194,0.149792,0.974095,0.006228,-0.001901,0.00291580,0.883842,26.028,398.4
51,0.145770,0.972999,0.174539,0.969157,0.028768,0.003842,0.00291222,0.856042,25.107,396.0
52,0.148471,0.973025,0.168348,0.969797,0.019876,0.003227,0.00290857,0.841175,28.504,391.2
53,0.161543,0.968646,0.172393,0.974226,0.010850,-0.005580,0.00290485,0.873482,24.980,394.9
54,0.140503,0.973685,0.161581,0.967194,0.021078,0.006491,0.00290106,0.862262,25.561,394.3
55,0.140379,0.975147,0.166218,0.971157,0.025839,0.003990,0.00289719,0.873261,29.997,392.2
56,0.138037,0.973016,0.148903,0.975044,0.010865,-0.002028,0.00289326,0.882857,28.001,397.0
57,0.160651,0.970486,0.164914,0.971150,0.004263,-0.000665,0.00288925,0.863277,25.738,392.9
58,0.143663,0.973931,0.159284,0.972882,0.015622,0.001049,0.00288518,0.879584,26.588,389.1
59,0.131339,0.975966,0.180560,0.967387,0.049222,0.008579,0.00288103,0.857429,27.224,391.2
60,0.138446,0.973954,0.167269,0.964734,0.028822,0.009220,0.00287682,0.868613,29.310,401.1
61,0.146952,0.972643,0.162262,0.970682,0.015309,0.001961,0.00287253,0.868221,26.291,401.8
62,0.126627,0.977024,0.145951,0.973648,0.019324,0.003376,0.00286818,0.897021,28.651,396.1
63,0.122670,0.979029,0.157976,0.974699,0.035306,0.004330,0.00286376,0.884830,26.194,397.4
64,0.125031,0.976936,0.169040,0.972819,0.044009,0.004117,0.00285927,0.878429,26.041,393.8
65,0.156365,0.972835,0.195151,0.961250,0.038786,0.011585,0.00285471,0.854510,28.658,399.4
66,0.144517,0.974999,0.168890,0.972735,0.024373,0.002264,0.00285008,0.874506,27.017,396.5
67,0.125048,0.976579,0.154781,0.972002,0.029733,0.004577,0.00284538,0.883130,29.713,398.1
68,0.156339,0.971674,0.169442,0.965787,0.013104,0.005887,0.00284062,0.858872,26.941,395.7
69,0.141629,0.974216,0.160276,0.972723,0.018647,0.001493,0.00283579,0.874524,24.975,389.6
70,0.120159,0.977633,0.172818,0.967628,0.052659,0.010005,0.00283089,0.867876,25.460,395.4
71,0.120215,0.977775,0.162089,0.970881,0.041874,0.006893,0.00282593,0.868697,24.884,398.7
72,0.114636,0.979848,0.146597,0.974745,0.031961,0.005103,0.00282090,0.897469,25.842,399.7
73,0.114492,0.978768,0.157231,0.973442,0.042739,0.005326,0.00281580,0.887122,25.371,399.3
74,0.112363,0.979492,0.168241,0.970937,0.055879,0.008555,0.00281064,0.866783,25.531,395.9
75,0.107445,0.980402,0.149882,0.973292,0.042437,0.007111,0.00280541,0.887444,25.575,392.0
76,0.112027,0.979085,0.147142,0.972576,0.035115,0.006509,0.00280012,0.896120,26.379,396.4
77,0.106722,0.980069,0.162597,0.971184,0.055876,0.008885,0.00279476,0.881964,25.107,393.9
78,0.107029,0.980558,0.172061,0.969824,0.065032,0.010734,0.00278934,0.879562,26.354,396.5
79,0.128385,0.977699,0.167493,0.969410,0.039107,0.008288,0.00278385,0.881819,27.002,396.5
80,0.148894,0.974484,0.190809,0.962684,0.041916,0.011800,0.00277830,0.828463,26.653,394.6
81,0.219457,0.958629,0.168100,0.968186,-0.051356,-0.009556,0.00277269,0.853414,26.156,390.2
82,0.149650,0.973368,0.156594,0.973242,0.006944,0.000126,0.00276701,0.878489,28.506,388.0
83,0.126254,0.976425,0.149424,0.973597,0.023170,0.002827,0.00276127,0.883944,25.687,394.5
84,0.124513,0.976206,0.146360,0.974739,0.021848,0.001467,0.00275547,0.880441,25.928,397.8
85,0.101557,0.981151,0.147679,0.974038,0.046122,0.007113,0.00274961,0.888850,28.864,395.9
86,0.110976,0.980187,0.142924,0.974854,0.031948,0.005333,0.00274368,0.894362,28.200,399.6
87,0.111905,0.979832,0.164200,0.972180,0.052295,0.007652,0.00273769,0.874402,25.372,392.6
88,0.110666,0.981310,0.146191,0.973126,0.035525,0.008184,0.00273165,0.887056,25.329,397.8
89,0.126178,0.976973,0.162764,0.967683,0.036586,0.009290,0.00272554,0.882220,27.280,390.4
90,0.118760,0.978023,0.154785,0.974111,0.036025,0.003912,0.00271937,0.878601,25.125,395.8
91,0.115225,0.979002,0.165900,0.973334,0.050676,0.005668,0.00271314,0.879909,29.220,395.2
92,0.106554,0.979986,0.164882,0.974604,0.058329,0.005381,0.00270685,0.878834,26.348,394.2
93,0.107726,0.980422,0.148342,0.975183,0.040615,0.005240,0.00270051,0.898517,26.021,393.8
94,0.098632,0.981920,0.153384,0.972007,0.054752,0.009913,0.00269410,0.893626,26.488,397.9
95,0.101800,0.981909,0.149907,0.973410,0.048108,0.008499,0.00268764,0.898069,26.559,399.0
96,0.104799,0.980412,0.204107,0.961559,0.099308,0.018852,0.00268112,0.859810,26.546,396.9
97,0.112911,0.979597,0.161632,0.967096,0.048720,0.012501,0.00267454,0.886283,25.589,396.0
98,0.109265,0.980509,0.145619,0.973766,0.036354,0.006743,0.00266790,0.892928,25.737,393.9
99,0.100449,0.981177,0.151748,0.974352,0.051299,0.006825,0.00266121,0.894565,26.134,396.9
100,0.096040,0.982822,0.154796,0.975626,0.058756,0.007196,0.00265446,0.891422,25.027,396.3
101,0.094648,0.983654,0.150412,0.974142,0.055764,0.009513,0.00264766,0.891183,26.451,392.1
102,0.103830,0.981425,0.161914,0.975035,0.058085,0.006390,0.00264080,0.884161,25.874,396.7
103,0.130001,0.976891,0.206376,0.960873,0.076375,0.016018,0.00263388,0.832980,25.713,398.9
104,0.145378,0.972308,0.150259,0.974660,0.004881,-0.002352,0.00262691,0.880131,26.051,396.3
105,0.110584,0.979990,0.162640,0.969588,0.052055,0.010402,0.00261989,0.884359,24.940,398.3
106,0.103421,0.981229,0.163344,0.969653,0.059923,0.011576,0.00261281,0.855422,28.826,395.1
107,0.099658,0.980432,0.154687,0.969059,0.055029,0.011373,0.00260568,0.876608,25.145,393.4
108,0.105280,0.980338,0.153067,0.971657,0.047787,0.008681,0.00259850,0.892415,26.724,391.4
109,0.127275,0.977361,0.154509,0.972389,0.027233,0.004972,0.00259127,0.886092,27.501,395.5
110,0.106323,0.980875,0.151381,0.969873,0.045058,0.011002,0.00258398,0.889135,26.886,396.7
111,0.096054,0.982267,0.155731,0.974323,0.059677,0.007944,0.00257664,0.882503,25.702,394.3
112,0.115019,0.980172,0.147321,0.974760,0.032302,0.005412,0.00256925,0.896813,25.708,395.0
113,0.264223,0.944374,0.190831,0.957907,-0.073392,-0.013533,0.00256181,0.815636,27.690,399.0
114,0.179567,0.967395,0.164223,0.969913,-0.015344,-0.002519,0.00255432,0.868244,26.073,396.1
115,0.139629,0.974689,0.173779,0.970451,0.034150,0.004238,0.00254678,0.873803,25.694,390.4
116,0.114929,0.978968,0.162457,0.972570,0.047528,0.006397,0.00253919,0.885509,29.679,392.8
117,0.108253,0.980478,0.160656,0.974551,0.052403,0.005928,0.00253155,0.886010,24.788,392.3
118,0.098340,0.981923,0.144537,0.974682,0.046197,0.007241,0.00252387,0.898164,27.146,396.1
119,0.097034,0.982976,0.158769,0.974504,0.061735,0.008472,0.00251613,0.885830,26.596,395.9
120,0.103059,0.981167,0.160726,0.971087,0.057667,0.010080,0.00250835,0.886016,25.945,394.1
121,0.103558,0.981825,0.164788,0.971794,0.061230,0.010032,0.00250053,0.889563,25.786,390.0
122,0.093840,0.983976,0.147191,0.971772,0.053350,0.012203,0.00249265,0.905725,25.607,404.7
123,0.101701,0.983955,0.161712,0.973175,0.060011,0.010780,0.00248473,0.888830,26.343,395.7
124,0.095174,0.983454,0.141021,0.975128,0.045847,0.008326,0.00247677,0.898769,26.313,400.9
125,0.094540,0.982808,0.155340,0.970365,0.060800,0.012444,0.00246876,0.899849,29.887,395.8
126,0.091499,0.983622,0.151434,0.976054,0.059935,0.007568,0.00246070,0.909172,25.848,391.4
127,0.100972,0.982820,0.146374,0.973617,0.045402,0.009203,0.00245260,0.904148,26.201,400.4
128,0.085312,0.983440,0.136148,0.975226,0.050836,0.008214,0.00244446,0.910061,25.275,395.0
129,0.084409,0.985068,0.147595,0.973908,0.063186,0.011161,0.00243628,0.906456,26.826,393.7
130,0.084982,0.984447,0.150061,0.975444,0.065078,0.009003,0.00242805,0.903536,25.389,393.8
131,0.091634,0.983968,0.153006,0.975928,0.061372,0.008040,0.00241978,0.882423,26.086,388.7
132,0.103840,0.981741,0.152093,0.975009,0.048254,0.006732,0.00241147,0.896494,27.276,388.5
133,0.105447,0.980600,0.150568,0.975061,0.045121,0.005539,0.00240312,0.892239,25.263,388.2
134,0.094984,0.983117,0.143017,0.975017,0.048033,0.008100,0.00239473,0.893176,27.258,394.6
135,0.084002,0.984836,0.145225,0.974935,0.061223,0.009902,0.00238630,0.897174,24.970,397.3
136,0.089759,0.983572,0.148752,0.978105,0.058993,0.005467,0.00237783,0.892371,27.033,394.2
137,0.084341,0.984129,0.157798,0.974191,0.073458,0.009937,0.00236932,0.892158,25.709,390.3
138,0.099108,0.982742,0.159163,0.976926,0.060054,0.005816,0.00236078,0.892627,27.200,393.8
139,0.086018,0.984808,0.140395,0.975711,0.054377,0.009097,0.00235219,0.909417,25.568,396.1
140,0.083169,0.985362,0.148301,0.972611,0.065131,0.012750,0.00234357,0.902279,28.813,397.8
141,0.084316,0.984983,0.148475,0.974658,0.064159,0.010325,0.00233491,0.901991,31.693,395.5
142,0.087337,0.984210,0.142283,0.974393,0.054947,0.009817,0.00232622,0.906612,24.815,395.1
143,0.084423,0.984776,0.147902,0.973529,0.063479,0.011247,0.00231749,0.899365,26.735,389.8
144,0.095169,0.982904,0.143938,0.972640,0.048768,0.010263,0.00230872,0.912768,28.786,392.7
145,0.087701,0.983386,0.153399,0.972284,0.065698,0.011102,0.00229992,0.889996,27.321,395.6
146,0.082407,0.984473,0.149232,0.976098,0.066824,0.008375,0.00229109,0.892664,27.019,396.2
147,0.089532,0.984125,0.147273,0.976087,0.057741,0.008038,0.00228222,0.890397,25.116,391.5
148,0.092351,0.982823,0.147081,0.975193,0.054729,0.007630,0.00227332,0.896695,27.842,405.0
149,0.087510,0.983624,0.156529,0.973023,0.069018,0.010601,0.00226439,0.895854,25.397,392.0
150,0.090102,0.984413,0.168087,0.973453,0.077986,0.010961,0.00225543,0.874340,29.144,396.4
151,0.089849,0.984411,0.164587,0.973292,0.074738,0.011120,0.00224643,0.874588,25.122,394.7
152,0.087511,0.984989,0.162779,0.975414,0.075268,0.009575,0.00223741,0.889457,25.623,398.6
153,0.083024,0.985785,0.148754,0.976325,0.065730,0.009460,0.00222835,0.900014,25.627,392.6
154,0.088890,0.983252,0.140893,0.974309,0.052003,0.008943,0.00221927,0.903932,25.584,394.3
155,0.081269,0.985440,0.151552,0.976078,0.070284,0.009362,0.00221016,0.890606,26.217,391.7
156,0.086740,0.984345,0.149201,0.975466,0.062461,0.008879,0.00220101,0.896687,25.075,395.8
157,0.086259,0.985141,0.155922,0.976194,0.069663,0.008947,0.00219184,0.890979,26.918,389.8
158,0.094909,0.983269,0.154247,0.975140,0.059339,0.008129,0.00218265,0.890579,25.155,391.8
159,0.081665,0.984936,0.154736,0.975469,0.073071,0.009467,0.00217342,0.893916,25.252,394.6
160,0.097482,0.982668,0.141639,0.976006,0.044157,0.006662,0.00216417,0.895368,25.588,391.1
161,0.080938,0.985136,0.148163,0.976314,0.067224,0.008822,0.00215490,0.888846,26.476,397.0
162,0.080748,0.985852,0.147240,0.976634,0.066492,0.009219,0.00214560,0.890566,26.456,396.8
163,0.081500,0.985672,0.158045,0.977004,0.076545,0.008668,0.00213627,0.881896,25.922,392.6
164,0.086940,0.984681,0.141216,0.977164,0.054276,0.007517,0.00212692,0.903539,28.549,400.4
165,0.075865,0.986239,0.146323,0.977352,0.070458,0.008888,0.00211755,0.898553,29.687,394.8
166,0.081421,0.985829,0.126405,0.979012,0.044984,0.006817,0.00210816,0.905569,26.629,391.6
167,0.087401,0.984894,0.165949,0.969864,0.078548,0.015030,0.00209874,0.884939,26.255,387.2
168,0.084433,0.984130,0.145293,0.976267,0.060860,0.007863,0.00208930,0.894034,29.490,397.6
169,0.076699,0.985013,0.152473,0.977056,0.075774,0.007957,0.00207984,0.897538,25.512,390.5
170,0.078252,0.985837,0.146611,0.978399,0.068359,0.007437,0.00207036,0.897071,26.823,393.6
171,0.073840,0.986446,0.154238,0.975889,0.080398,0.010557,0.00206086,0.891147,26.582,390.7
172,0.077117,0.985787,0.155282,0.976947,0.078165,0.008840,0.00205134,0.886595,25.090,390.8
173,0.077665,0.986505,0.151953,0.975626,0.074288,0.010879,0.00204181,0.890216,25.658,394.9
174,0.085114,0.984942,0.172620,0.972859,0.087506,0.012083,0.00203225,0.881550,25.660,401.2
175,0.079413,0.984991,0.158333,0.972966,0.078919,0.012025,0.00202268,0.887393,27.902,388.5
176,0.076008,0.986736,0.141210,0.976106,0.065201,0.010631,0.00201309,0.897092,26.817,401.2
177,0.112283,0.981168,0.150827,0.974511,0.038544,0.006658,0.00200348,0.893702,27.161,393.3
178,0.090874,0.984570,0.134766,0.976481,0.043892,0.008089,0.00199386,0.907443,26.445,399.1
179,0.093174,0.983578,0.146794,0.976590,0.053620,0.006988,0.00198423,0.893914,26.241,394.9
180,0.079351,0.986417,0.150949,0.972621,0.071597,0.013796,0.00197458,0.906525,25.199,394.2
181,0.076286,0.985867,0.146620,0.977969,0.070334,0.007897,0.00196491,0.908318,26.212,395.1
182,0.075044,0.986432,0.169444,0.974282,0.094400,0.012150,0.00195523,0.891928,27.103,399.0
183,0.077002,0.985942,0.150661,0.976151,0.073659,0.009791,0.00194554,0.892708,25.851,396.2
184,0.073026,0.986702,0.150761,0.976817,0.077736,0.009884,0.00193584,0.898045,27.223,396.0
185,0.086654,0.986075,0.143913,0.974678,0.057258,0.011396,0.00192613,0.904275,25.322,390.0
186,0.072632,0.986503,0.152254,0.975990,0.079622,0.010513,0.00191640,0.888800,28.024,399.1
187,0.073632,0.986947,0.147798,0.976534,0.074166,0.010412,0.00190667,0.901969,25.090,399.0
188,0.077246,0.986787,0.137534,0.977780,0.060288,0.009007,0.00189692,0.892365,28.408,397.6
189,0.074930,0.986535,0.150145,0.974570,0.075216,0.011965,0.00188717,0.905244,27.521,393.1
190,0.073155,0.986386,0.144826,0.973770,0.071672,0.012617,0.00187741,0.902977,25.769,397.2
191,0.069981,0.987142,0.149848,0.974903,0.079868,0.012239,0.00186764,0.902326,29.980,394.4
192,0.070403,0.986727,0.140041,0.974727,0.069637,0.012001,0.00185786,0.903153,26.618,393.0
193,0.066481,0.987085,0.149487,0.976949,0.083005,0.010135,0.00184807,0.904165,26.943,402.3
194,0.075663,0.987490,0.138552,0.976437,0.062889,0.011054,0.00183828,0.904163,25.380,395.8
195,0.075030,0.986153,0.135458,0.976925,0.060428,0.009229,0.00182849,0.916339,24.861,395.0
196,0.075001,0.986601,0.125576,0.978148,0.050575,0.008453,0.00181869,0.914087,25.196,392.3
197,0.076378,0.986305,0.130274,0.978042,0.053896,0.008264,0.00180888,0.921542,24.594,393.4
198,0.083186,0.985080,0.156098,0.972715,0.072911,0.012364,0.00179907,0.895764,26.472,398.6
199,0.074298,0.986322,0.153761,0.977820,0.079463,0.008502,0.00178926,0.904951,27.634,399.6
200,0.074598,0.986220,0.147388,0.974081,0.072790,0.012138,0.00177945,0.909683,24.388,389.4
201,0.068062,0.988334,0.142017,0.976426,0.073955,0.011909,0.00176963,0.913989,26.097,393.5
202,0.079661,0.986314,0.153964,0.976681,0.074303,0.009633,0.00175982,0.902005,26.672,398.5
203,0.071261,0.986959,0.148371,0.975371,0.077110,0.011587,0.00175000,0.903011,27.532,396.1
204,0.073695,0.986907,0.140587,0.976607,0.066892,0.010301,0.00174018,0.908095,26.039,390.2
205,0.076029,0.986087,0.139912,0.976744,0.063884,0.009343,0.00173037,0.909708,26.317,397.7
206,0.083081,0.984927,0.148408,0.975919,0.065327,0.009009,0.00172055,0.899562,26.297,393.1
207,0.079762,0.986086,0.139847,0.976333,0.060085,0.009753,0.00171074,0.901578,25.462,387.9
208,0.072002,0.986830,0.152257,0.976155,0.080255,0.010675,0.00170093,0.893284,25.676,395.8
209,0.071590,0.986773,0.140441,0.978136,0.068851,0.008638,0.00169112,0.896410,24.982,393.9
210,0.071161,0.987307,0.129771,0.978741,0.058610,0.008566,0.00168131,0.912248,27.480,395.2
211,0.068955,0.987292,0.129483,0.979443,0.060528,0.007849,0.00167151,0.914727,25.663,393.1
212,0.065913,0.988164,0.136017,0.977398,0.070104,0.010767,0.00166172,0.907516,24.824,396.2
213,0.067365,0.987996,0.146067,0.974516,0.078702,0.013481,0.00165193,0.903266,29.212,393.4
214,0.066153,0.987786,0.138064,0.976566,0.071911,0.011219,0.00164214,0.907995,25.851,394.1
215,0.068301,0.987640,0.147189,0.975663,0.078888,0.011977,0.00163236,0.906519,26.388,396.6
216,0.065235,0.988189,0.141117,0.976094,0.075882,0.012095,0.00162259,0.906184,25.519,401.0
217,0.068362,0.987451,0.139594,0.976805,0.071231,0.010647,0.00161283,0.911029,25.457,394.8
218,0.069094,0.987472,0.145161,0.974983,0.076068,0.012489,0.00160308,0.906881,28.028,397.2
219,0.071498,0.987722,0.141575,0.976491,0.070077,0.011232,0.00159333,0.904936,25.693,400.3
220,0.075634,0.986887,0.142124,0.975125,0.066490,0.011762,0.00158360,0.911373,25.962,400.0
221,0.072126,0.986959,0.144111,0.975952,0.071985,0.011007,0.00157387,0.907143,25.329,397.4
222,0.116337,0.980346,0.152756,0.972059,0.036418,0.008287,0.00156416,0.876608,25.474,403.4
223,0.089644,0.984038,0.138055,0.975075,0.048410,0.008963,0.00155446,0.904506,25.325,394.6
224,0.071297,0.986233,0.139519,0.974154,0.068222,0.012079,0.00154477,0.908239,26.721,392.7
225,0.073409,0.986728,0.138910,0.976187,0.065501,0.010541,0.00153509,0.911179,25.535,393.5
226,0.065463,0.987995,0.144146,0.973579,0.078683,0.014416,0.00152542,0.909494,25.230,399.0
227,0.071527,0.987014,0.143723,0.976494,0.072196,0.010520,0.00151577,0.900295,25.866,393.8
228,0.068450,0.987424,0.154704,0.974470,0.086255,0.012954,0.00150614,0.895511,27.264,394.6
229,0.060617,0.988650,0.141644,0.975998,0.081027,0.012652,0.00149652,0.907455,25.005,393.7
230,0.062977,0.988448,0.138903,0.975603,0.075927,0.012844,0.00148691,0.908256,25.712,397.3
231,0.067784,0.988023,0.158747,0.973532,0.090963,0.014491,0.00147732,0.888320,25.435,393.6
232,0.060311,0.989296,0.148222,0.976324,0.087911,0.012972,0.00146775,0.899546,24.624,390.8
233,0.065903,0.988500,0.144962,0.975354,0.079059,0.013146,0.00145819,0.904845,31.180,397.4
234,0.063236,0.988973,0.150841,0.976257,0.087604,0.012716,0.00144866,0.900769,25.748,392.9
235,0.067245,0.988302,0.157980,0.974292,0.090734,0.014010,0.00143914,0.887035,28.400,390.1
236,0.064221,0.988005,0.153040,0.973242,0.088819,0.014764,0.00142964,0.904953,26.536,392.8
237,0.070623,0.987917,0.137015,0.976236,0.066393,0.011681,0.00142016,0.911031,25.032,386.2
238,0.058549,0.989407,0.135033,0.978596,0.076484,0.010811,0.00141070,0.923204,26.261,395.4
239,0.065055,0.988632,0.140454,0.977269,0.075399,0.011363,0.00140126,0.907005,28.029,393.1
240,0.064706,0.988690,0.141400,0.976361,0.076694,0.012329,0.00139184,0.911591,27.802,393.2
241,0.064752,0.988349,0.147396,0.976085,0.082644,0.012264,0.00138245,0.911921,27.102,398.2
242,0.065919,0.988947,0.144055,0.976714,0.078136,0.012233,0.00137308,0.907842,25.437,393.1
243,0.062423,0.988854,0.134107,0.977446,0.071684,0.011408,0.00136373,0.912320,25.354,388.0
244,0.059009,0.988935,0.140906,0.976552,0.081897,0.012383,0.00135440,0.906220,26.143,398.4
245,0.069117,0.988312,0.136823,0.978459,0.067706,0.009853,0.00134510,0.904788,26.983,397.8
246,0.067878,0.987948,0.145576,0.977206,0.077697,0.010742,0.00133583,0.903529,26.360,395.7
247,0.065301,0.988666,0.143201,0.977707,0.077900,0.010959,0.00132658,0.905980,27.014,394.5
248,0.062465,0.988884,0.152464,0.976795,0.089999,0.012089,0.00131735,0.905509,28.669,392.7
249,0.068156,0.988307,0.142921,0.977016,0.074765,0.011292,0.00130816,0.904459,27.412,385.3
250,0.066106,0.988372,0.147815,0.974966,0.081710,0.013406,0.00129899,0.905510,25.656,396.8
251,0.061982,0.988274,0.140637,0.977793,0.078654,0.010481,0.00128984,0.915157,26.532,396.1
252,0.057579,0.989185,0.140481,0.977600,0.082902,0.011585,0.00128073,0.907534,29.167,394.0
253,0.061251,0.988259,0.136706,0.978519,0.075455,0.009739,0.00127165,0.907137,28.044,398.2
254,0.059601,0.988995,0.138760,0.977787,0.079160,0.011208,0.00126259,0.915976,25.798,398.6
255,0.058479,0.989369,0.143753,0.976151,0.085274,0.013218,0.00125357,0.909930,25.636,399.8
256,0.063334,0.988361,0.148742,0.978155,0.085408,0.010205,0.00124457,0.897948,25.215,388.3
257,0.061801,0.988990,0.138978,0.978731,0.077177,0.010259,0.00123561,0.910573,25.653,389.0
258,0.061727,0.989285,0.142176,0.976649,0.080448,0.012636,0.00122668,0.912080,25.785,389.7
259,0.060318,0.989253,0.142373,0.978378,0.082056,0.010875,0.00121778,0.907783,26.043,398.5
260,0.064004,0.988648,0.138821,0.976894,0.074817,0.011754,0.00120891,0.909781,27.604,397.0
261,0.062130,0.988688,0.146426,0.975979,0.084296,0.012709,0.00120008,0.915451,27.906,392.3
262,0.063022,0.988947,0.143003,0.976297,0.079981,0.012650,0.00119128,0.906581,27.979,394.9
263,0.059896,0.989101,0.141155,0.977435,0.081259,0.011666,0.00118251,0.917340,26.439,397.5
264,0.060407,0.989890,0.133701,0.979384,0.073293,0.010506,0.00117378,0.922365,25.005,401.3
265,0.062612,0.988784,0.158512,0.977069,0.095900,0.011715,0.00116509,0.908254,25.961,394.0
266,0.064468,0.988616,0.129567,0.979779,0.065099,0.008837,0.00115643,0.919609,24.750,395.5
267,0.060880,0.989607,0.136158,0.977601,0.075278,0.012006,0.00114781,0.911320,26.260,395.4
268,0.063667,0.988778,0.139917,0.978318,0.076250,0.010460,0.00113922,0.914808,25.822,400.5
269,0.058917,0.988903,0.150809,0.977553,0.091892,0.011350,0.00113068,0.909181,27.434,399.8
270,0.059877,0.989497,0.144407,0.978289,0.084530,0.011208,0.00112217,0.916287,25.300,396.8
271,0.057542,0.989586,0.138823,0.975791,0.081281,0.013795,0.00111370,0.921415,25.597,389.7
272,0.056376,0.989492,0.141504,0.978263,0.085129,0.011229,0.00110527,0.918393,25.832,387.0
273,0.058309,0.989463,0.148224,0.977122,0.089915,0.012340,0.00109688,0.905963,27.073,392.0
274,0.057970,0.989446,0.142650,0.974710,0.084681,0.014735,0.00108853,0.914865,24.486,389.6
275,0.056709,0.989600,0.138547,0.977005,0.081838,0.012594,0.00108022,0.915097,25.718,396.4
276,0.056467,0.989268,0.131481,0.979588,0.075015,0.009680,0.00107195,0.920800,25.152,398.5
277,0.057264,0.989765,0.137697,0.978806,0.080434,0.010960,0.00106372,0.914630,28.287,396.9
278,0.060709,0.989698,0.150873,0.977162,0.090164,0.012536,0.00105554,0.907984,30.316,399.5
279,0.061084,0.989287,0.146126,0.977851,0.085041,0.011435,0.00104740,0.910924,25.236,391.6
280,0.057946,0.989601,0.136528,0.978761,0.078582,0.010840,0.00103930,0.917932,27.161,397.7
281,0.057490,0.990028,0.150460,0.976269,0.092970,0.013760,0.00103124,0.911529,26.471,394.9
282,0.059545,0.989813,0.148998,0.976767,0.089453,0.013045,0.00102323,0.917664,27.768,390.7
283,0.061590,0.989487,0.147222,0.977787,0.085632,0.011700,0.00101527,0.910318,29.230,399.7
284,0.060290,0.989319,0.141165,0.978678,0.080876,0.010641,0.00100735,0.911053,25.810,390.8
285,0.053443,0.990138,0.136742,0.978210,0.083298,0.011929,0.00099947,0.918251,28.804,393.9
286,0.052952,0.990059,0.140661,0.977234,0.087709,0.012826,0.00099165,0.916276,25.209,398.0
287,0.056063,0.989747,0.138573,0.978515,0.082509,0.011232,0.00098387,0.915172,25.512,395.5
288,0.053588,0.989847,0.141752,0.978347,0.088164,0.011499,0.00097613,0.916328,26.309,394.6
289,0.055225,0.990106,0.138217,0.978668,0.082993,0.011438,0.00096845,0.915835,25.297,390.4
290,0.054090,0.990077,0.140685,0.977691,0.086596,0.012386,0.00096081,0.917502,24.602,395.1
291,0.053891,0.990276,0.137720,0.978698,0.083828,0.011578,0.00095322,0.916758,25.281,396.4
292,0.056714,0.989491,0.131992,0.978339,0.075278,0.011152,0.00094568,0.925664,25.351,393.4
293,0.054280,0.989757,0.144892,0.977777,0.090612,0.011980,0.00093819,0.915204,25.833,398.0
294,0.053958,0.990031,0.150450,0.977940,0.096492,0.012091,0.00093075,0.908114,29.844,389.3
295,0.055480,0.990361,0.143442,0.977466,0.087962,0.012895,0.00092336,0.909481,25.718,395.9
296,0.053252,0.990059,0.148529,0.979301,0.095276,0.010758,0.00091602,0.904864,26.711,398.2
297,0.053441,0.990570,0.154251,0.977128,0.100810,0.013442,0.00090873,0.910545,25.569,393.8
298,0.056953,0.989632,0.156460,0.977633,0.099507,0.011999,0.00090150,0.900486,25.040,393.8
299,0.058321,0.990057,0.139231,0.977470,0.080910,0.012588,0.00089432,0.913481,25.801,391.5
300,0.053749,0.990037,0.146547,0.979151,0.092798,0.010887,0.00088719,0.908548,27.841,395.1
301,0.055017,0.990408,0.137434,0.979206,0.082417,0.011202,0.00088011,0.914978,27.358,394.9
302,0.052950,0.990313,0.150881,0.978250,0.097931,0.012063,0.00087309,0.906456,31.341,393.3
303,0.053639,0.989700,0.139326,0.977673,0.085688,0.012026,0.00086612,0.917127,24.111,395.8
304,0.055871,0.990601,0.133022,0.979614,0.077151,0.010987,0.00085920,0.921464,30.033,394.9
305,0.055579,0.990758,0.146727,0.977932,0.091148,0.012827,0.00085234,0.914829,25.375,394.4
306,0.051780,0.990458,0.136289,0.979030,0.084509,0.011428,0.00084554,0.920297,26.661,398.4
307,0.053711,0.989794,0.146002,0.977932,0.092290,0.011862,0.00083879,0.917634,27.852,400.0
308,0.057777,0.990286,0.139362,0.978751,0.081585,0.011535,0.00083210,0.920817,26.645,393.7
309,0.056975,0.989828,0.146685,0.977355,0.089710,0.012473,0.00082546,0.910662,25.400,387.8
310,0.058872,0.989653,0.136212,0.977729,0.077341,0.011925,0.00081888,0.913229,27.276,394.7
311,0.057456,0.989896,0.137502,0.977806,0.080046,0.012090,0.00081236,0.915536,26.219,392.7
312,0.051643,0.990356,0.131924,0.979620,0.080281,0.010736,0.00080590,0.917062,26.942,393.1
313,0.059033,0.989194,0.135378,0.978661,0.076344,0.010533,0.00079949,0.913055,26.507,396.6
314,0.055608,0.989888,0.133663,0.977170,0.078055,0.012718,0.00079315,0.921146,28.129,393.0
315,0.054065,0.989925,0.134501,0.979144,0.080436,0.010781,0.00078686,0.916039,26.563,399.1
316,0.055834,0.990315,0.134542,0.979007,0.078708,0.011308,0.00078063,0.921442,27.399,392.3
317,0.057884,0.990358,0.145842,0.976669,0.087958,0.013689,0.00077446,0.922158,25.404,391.7
318,0.055654,0.989608,0.138004,0.978427,0.082350,0.011181,0.00076835,0.921293,25.402,400.0
319,0.054456,0.990127,0.136377,0.977547,0.081921,0.012580,0.00076231,0.921693,27.418,393.5
320,0.053712,0.990679,0.140030,0.978376,0.086317,0.012303,0.00075632,0.914715,28.103,393.4
321,0.049887,0.990905,0.138448,0.978101,0.088561,0.012803,0.00075039,0.913105,25.589,397.8
322,0.055900,0.990145,0.132100,0.978453,0.076200,0.011691,0.00074453,0.921113,24.884,391.2
323,0.051992,0.990468,0.141558,0.977215,0.089566,0.013253,0.00073873,0.911080,27.068,393.6
324,0.051464,0.990839,0.146378,0.977156,0.094914,0.013683,0.00073299,0.911812,25.783,394.4
325,0.057676,0.989623,0.151492,0.975382,0.093816,0.014241,0.00072731,0.904615,31.639,394.0
326,0.054475,0.990209,0.144903,0.976614,0.090428,0.013595,0.00072170,0.911295,25.438,389.8
327,0.050225,0.990981,0.148755,0.977565,0.098530,0.013416,0.00071615,0.909573,25.486,391.7
328,0.053003,0.990891,0.134068,0.977398,0.081066,0.013493,0.00071066,0.917377,28.496,399.0
329,0.047830,0.990936,0.135957,0.977642,0.088127,0.013293,0.00070524,0.915708,24.488,392.7
330,0.054041,0.990590,0.136193,0.977199,0.082151,0.013391,0.00069988,0.913674,26.273,400.7
331,0.047837,0.990840,0.132057,0.978268,0.084220,0.012572,0.00069459,0.921765,25.809,397.4
332,0.051708,0.990879,0.141155,0.977751,0.089447,0.013128,0.00068936,0.915549,25.471,391.2
333,0.051820,0.990816,0.150534,0.977330,0.098715,0.013486,0.00068420,0.908824,29.263,393.2
334,0.049366,0.990520,0.141198,0.977583,0.091833,0.012938,0.00067910,0.912506,24.521,389.6
335,0.050540,0.990601,0.145067,0.976684,0.094527,0.013917,0.00067407,0.911531,26.843,391.4
336,0.048362,0.991225,0.136184,0.977704,0.087822,0.013521,0.00066911,0.914377,30.134,395.6
337,0.052331,0.991017,0.148587,0.975841,0.096256,0.015176,0.00066421,0.910435,25.011,396.1
338,0.050547,0.991240,0.149012,0.977296,0.098465,0.013944,0.00065938,0.903821,25.923,398.3
339,0.050495,0.990443,0.136415,0.977910,0.085920,0.012533,0.00065462,0.917360,26.674,391.8
340,0.051007,0.990957,0.142325,0.978487,0.091318,0.012470,0.00064992,0.919760,25.207,396.6
341,0.049629,0.990958,0.140009,0.977989,0.090380,0.012969,0.00064529,0.917410,28.765,396.4
342,0.052070,0.990854,0.149609,0.976878,0.097539,0.013975,0.00064073,0.908220,26.180,390.6
343,0.050906,0.991049,0.147927,0.977466,0.097021,0.013582,0.00063624,0.911643,26.366,395.4
344,0.051890,0.990736,0.144709,0.978506,0.092820,0.012230,0.00063182,0.912180,24.888,392.7
345,0.049600,0.990668,0.146364,0.977871,0.096765,0.012797,0.00062747,0.911282,28.212,389.3
346,0.050995,0.990893,0.141262,0.978799,0.090267,0.012094,0.00062318,0.915005,25.392,398.6
